MFRQS763QRF_IMG-20190725-WA0036.jpg,image1.jpg
MFQSW10ZMYB_IMG-20190626-WA0029.jpg,image2.jpg
MFRHVHN8CCK_IMG-20190718-WA0014.jpg,image3.jpg
MFRS37OI917_Screenshot_20190727-093854.jpg,image4.jpg
MFQZUXQAAOF_Screenshot_2019-07-02-17-25-20-54.jpg,image5.jpg
MFQL4WIVZMM_IMG-20190612-WA0010.jpg,image6.jpg
MFRYQK4VQAR_image-0cbc0640-1e87-4db3-8ef9-5daf92ba796b.jpg,image7.jpg
MFS7MEA0AET_20190809_153314.jpg,image8.jpg
MFQ50FFIN1E_IMG-20190605-WA0005.jpg,image9.jpg
MFQBXIR4O79_IMG-20190610-WA0042.jpg,image10.jpg
MFQB5MXWBC6_imsurance.jpg,image11.jpg
MFQ6WGRD5TI_IMG-20190607-WA0002.jpg,image12.jpg
MFRYR2ODXG6_IMG-20190802-WA0007.jpg,image13.jpg
MFROVFN1X7E_IMG-20190724-WA0022.jpg,image14.jpg
MFRTBIM0D8T_Screenshot_2019-07-28-19-41-41-200_com.google.android.apps.docs.jpg,image15.jpg
MFQKV3WCPVM_Ankit_2.jpg,image16.jpg
MFR101ESXEU_db0f36d3-9feb-4127-8f3c-06cbb8ea5049.jpg,image17.jpg
MFQ35IGK21H_image-0dbabbc5-8018-4d93-9dd9-8e71b13f61ba.jpg,image18.jpg
MFQFF43N6HT_nazoora2.jpg,image19.jpg
MFQNLYYNI4E_IMG-20190621-WA0002.jpg,image20.jpg
MFQBX1MHCS0_IMG-20190611-WA0010.jpg,image21.jpg
MFS3BKE8CNQ_test.jpg,image22.jpg
MFRYQHNQ9GF_CAR_1.jpg,image23.jpg
MFQ5IU0EI3P_IMG_20190605_190132.jpg,image24.jpg
MFRJNWQDWD1_IMG-20190720-WA0001.jpg,image25.jpg
MFRPSRK041F_IMG-20190725-WA0014.jpg,image26.jpg
MFRATI0UYZW_Screenshot_2019-07-12-10-25-55-28.jpg,image27.jpg
MFRVBLA6LWS_IMG-20190709-WA0002.jpg,image28.jpg
MFROVFN1X7E_IMG-20190724-WA0019.jpg,image29.jpg
MFROLGYCMB7_IMG-20190723-WA0004.jpg,image30.jpg
.DS_Store,image31.jpg
MFQ9NK92S7R_20190609_121953.jpg,image32.jpg
MFS7X8CO69L_Screenshot_2019-08-10-18-07-39-666_com.google.android.apps.docs.jpg,image33.jpg
MFRMGRJCHZR_IMG-20190713-WA0036.jpg,image34.jpg
MFS40WEWL7E_IMG-20190806-WA0015.jpg,image35.jpg
MFRE68ZJSO8_IMG-20190714-WA0003.jpg,image36.jpg
MFR9R2XTBLC_private_car_Gujrat_9533a76f-0983-4b13-aafb-574614cbe2c8.jpg,image37.jpg
MFS499LNEA3_image-8f6f05ba-643a-479f-9438-7201c9f8632c.jpg,image38.jpg
MFRIQ1M84CP_IMG-20190719-WA0009.jpg,image39.jpg
MFQYIZIGG32_IMG-20190701-WA0005.jpg,image40.jpg
MFRGM5W4A22_IMG-20190717-WA0011.jpg,image41.jpg
MFRFIIP28PS_IMG-20190715-WA0001__01.jpg,image42.jpg
MFQBUYSU901_IMG-20190611-WA0000.jpg,image43.jpg
MFRQS763QRF_IMG-20190725-WA0033.jpg,image44.jpg
MFQ55TFZXKC_IMG-20190604-WA0024.jpg,image45.jpg
MFQMB95TM31_IMG-20190608-WA0043.jpg,image46.jpg
MFQ7U6G70JN_IMG-20190607-WA0061.jpg,image47.jpg
MFQF9NHW9G0_IMG-20190613-WA0068.jpg,image48.jpg
MFQ2XZ7COLN_IMG-20190601-WA0003.jpg,image49.jpg
MFS7LREY2HP_IMG-20190809-WA0001.jpg,image50.jpg
MFQ0Y3TUA4Z_IMG-20190601-WA0010.jpg,image51.jpg
MFQB1QZ1RLD_IMG-20190610-WA0012.jpg,image52.jpg
MFRYHQE6G9L_IMG-20190802-WA0077.jpg,image53.jpg
MFRFTURAO5Z_Screenshot_2019-07-12_at_17.54.57.jpg,image54.jpg
MFS387ZQZ6B_Screenshot_2019-08-06-14-19-44-70.jpg,image55.jpg
MFRWMMPGU61_Screenshot_20190731-180037__01.jpg,image56.jpg
MFRS7TNYKRR_IMG-20190727-WA0016.jpg,image57.jpg
MFPYBZAPBVU_IMG_20190609_125908.jpg,image58.jpg
MFS4ACU6WJS_IMG-20190807-WA0020.jpg,image59.jpg
MFR231LSDMV_MAHINDRA_IMP_PYP.jpg,image60.jpg
MFS4ACU6WJS_IMG-20190807-WA0021.jpg,image61.jpg
MFRNAFCV6G4_IMG-20190723-WA0012.jpg,image62.jpg
MFRXGXFALFK_image-e794da1e-ae4b-4863-a444-903440c910b4.jpg,image63.jpg
MFRZWD4MLK6_IMG-20190803-WA0057.jpg,image64.jpg
MFQAVO9A8GR_IMG-20190610-WA0005.jpg,image65.jpg
MFRHXU4E886_IMG-20190719-WA0063.jpg,image66.jpg
MFQ7IBVKU6K_IMG-20190607-WA0038.jpg,image67.jpg
MFQ28E4PGRV_IMG-20190602-WA0005.jpg,image68.jpg
MFQRS8X9JOZ_fbac5a73-7c05-4b65-9185-8f4cc41b1634.jpg,image69.jpg
MFQ8KSAH9RW_IMG-20190531-WA0025.jpg,image70.jpg
MFS2EBA01NN_IMG-20190805-WA0042.jpg,image71.jpg
MFS3O1Q450R_Screenshot_20190806-230955.jpg,image72.jpg
MFQAQ1547EV_image-9258fd38-6de1-4aa7-808d-d38fdf42513e.jpg,image73.jpg
MFRMJQP8731_IMG_20190722_194410.jpg,image74.jpg
MFRXFUHCBQ5_3069b4f5-6a80-4875-a036-57a1830967d0.jpg,image75.jpg
MFR9VGQG6QS_Screenshot_2019-07-11-14-18-35-34_f541918c7893c52dbd1ee5d319333948.jpg,image76.jpg
MFQ2S8HFTOO_IMG-20190603-WA0008.jpg,image77.jpg
MFQEDQPMVWD_IMG-20190613-WA0041.jpg,image78.jpg
MFS3O1Q450R_Screenshot_20190806-230945.jpg,image79.jpg
MFQWDCV26DY_Screenshot_2019-06-29-15-16-21-67_e2d5b3f32b79de1d45acd1fad96fbb0f.jpg,image80.jpg
MFR1XKD7JTH_Policy_Thar.jpg,image81.jpg
MFRT6QZ00AN_IMG-20190726-WA0088.jpg,image82.jpg
MFS3DQAJI9D_test.jpg,image83.jpg
MFS3AWU3BC8_test.jpg,image84.jpg
MFS4JP3FXJ1_IMG-20190807-WA0008.jpg,image85.jpg
MFS1BHFWEW9_b1USQaEaLbJFXWN8UWNLVBS9.jpg,image86.jpg
MFS4I3KGMNT_Screenshot_20190807_181851.jpg,image87.jpg
MFQ2S8HFTOO_IMG-20190603-WA0009.jpg,image88.jpg
MFR7LXJD061_DHARMENDRA_QUOTE_IMG-20190709-WA0022.jpg,image89.jpg
MFR9SAOAXHS_IMG-20190710-WA0003.jpg,image90.jpg
MFRFGUD2USH_Screenshot_2019-07-16-13-11-50-46.jpg,image91.jpg
MFRVGFZYJB4_IMG-20190730-WA0017.jpg,image92.jpg
MFRL6LFP393_1_(1).jpg,image93.jpg
MFQ769730VM_image-988a7d4c-c915-4ea4-96db-7ea375ee15e6.jpg,image94.jpg
MFQ4AFY9GJR_Screenshot_2019-06-04-18-00-57-45.jpg,image95.jpg
MFRFM8G2NHU_Screenshot_20190716-162532.jpg,image96.jpg
MFREAY46I0S_Screenshot_2019-07-15-11-43-27-75.jpg,image97.jpg
MFRS1222KNG_PREMJIBHAI_OLD_POLICY.JPG,image98.jpg
MFQIRVL7B66_INSURANCE.jpg,image99.jpg
MFRHXU4E886_IMG-20190719-WA0058.jpg,image100.jpg
MFQ6EDJ7XFT_IMG-20190606-WA0015.jpg,image101.jpg
MFQOC4YFHBH_IMG-20190622-WA0011.jpg,image102.jpg
MFR7KZH7GAS_IMG-20190709-WA0003.jpg,image103.jpg
MFRXO74XFU2_pyp_0856.jpg,image104.jpg
MFRW78TQOJ1_Screenshot_2019-07-31-08-55-49-61.jpg,image105.jpg
MFRZU6ZAQSO_Screenshot_2019-08-03-14-15-28-03.jpg,image106.jpg
MFRJ7SI2U24_MOHMMED_IBRAHIM_ABDUL_RAHIM-1[1].jpg,image107.jpg
MFS3HNELNF7_image-7b422816-2bcb-490d-bdb6-18334a262bbf.jpg,image108.jpg
MFR8R5N9OG2_IMG_20190710_143046.jpg,image109.jpg
MFQBX02VHLK_20190610_184036.jpg,image110.jpg
MFQDB333J6D_IMG-20190612-WA0028.jpg,image111.jpg
MFQ5DGFR568_Screenshot_20190605-164128_Drive.jpg,image112.jpg
MFRM65F1U9G_test.jpg,image113.jpg
MFQ5BYSZ9PG_IMG-20190506-WA0004.jpg,image114.jpg
MFS4FSWY09R_renault_policy.jpg,image115.jpg
MFRS23ZJ18V_IMG-20190727-WA0001.jpg,image116.jpg
PFQE8M10E0W_Mercedes_Policy.jpg,image117.jpg
MFQTZ4VXJZ3_Ketan_Shah_P.jpg,image118.jpg
MFRISHKEONA_2019ed38-b1d0-4b73-a69e-adf2201ef367.jpg,image119.jpg
MFRHXU4E886_IMG-20190719-WA0053.jpg,image120.jpg
MFRJ51ZFYS4_insurance_(2).jpg,image121.jpg
MFQ2SOY4P0H_Screenshot_2019-06-03-09-45-53-04.jpg,image122.jpg
MFRESA4WLCZ_IMG-20190715-WA0000.jpg,image123.jpg
MFRB6HBD2S7_Bajaj_policy_1_3f354f1a-4f86-4243-b25b-f6bcbc33d8a2.jpg,image124.jpg
MFREU1G7MEU_IMG-20190714-WA0004.jpg,image125.jpg
MFQOCUH7SIO_untitled.jpg,image126.jpg
MFROFJPH6UU_IMG-20190724-WA0010.jpg,image127.jpg
MFROKY0BA7H_Screenshot_2019-07-24-14-56-47-34.jpg,image128.jpg
MFRS0RH14HI_IMG-20190727-WA0031.jpg,image129.jpg
MFQM1ATPFKO_IMG20190610181514.jpg,image130.jpg
MFS3ILRF41U_Screenshot_20190806-201844_WhatsApp.jpg,image131.jpg
MFQ2VLH8XT4_Screenshot_2019-06-03-12-18-24-38.jpg,image132.jpg
MFS7WOQZKAD_IMG-20190810-WA0097.jpg,image133.jpg
MFQBSAJWEJX_IMG-20190610-WA0050.jpg,image134.jpg
MFS32H5T1VW_IMG-20190804-WA0009.jpg,image135.jpg
MFRJ0ETLFLC_Screenshot_2019-07-19-16-33-20-44.jpg,image136.jpg
MFRM91F6XHY_Screenshot_20190731-172328_WPS_Office.jpg,image137.jpg
MFQ8J7B928X_Screenshot_20190608-122104.jpg,image138.jpg
MFQS0O0B8SR_Screenshot_2019-06-25_at_16.49.05.jpg,image139.jpg
MFS5FK4KELF_Screenshot_2019-08-08-13-07-50-12.jpg,image140.jpg
MFQD30EPQXK_Screenshot_2019-06-12-13-14-14-86.jpg,image141.jpg
MFQAUBAU59W_IMG-20190610-WA0020.jpg,image142.jpg
MFQVAJYRHXV_RJ_02_CB_2312_0003.jpg,image143.jpg
MFS7NWNHXGF_IMG-20190808-WA0002_1565258103439.jpg,image144.jpg
MFQ9X13Z5NL_IMG-20190609-WA0004.jpg,image145.jpg
MFRXQQYD2I9_IMG-20190731-WA0012.jpg,image146.jpg
MFR0N49OQGC_NITIN_TAVERA-POLICY.jpg,image147.jpg
MFRXT7LX2N9_Screenshot_2019-08-01-19-09-52-01.jpg,image148.jpg
MFRCBEWY8DM_IMG-20190718-WA0004.jpg,image149.jpg
MFRC3U5V0L1_Screenshot_20190712-221518_Drive.jpg,image150.jpg
MFQFH4AZL3W_IMG-20190613-WA0001.jpg,image151.jpg
MFQ7N339FYO_GO_DIGIT_IMG-20190607-WA0019.jpg,image152.jpg
MFQQH9PYWPJ_IMG-20190621-WA0024.jpg,image153.jpg
MFQ6KLZSL72_IMG-20190606-WA0005.jpg,image154.jpg
MFR37TDHP6M_IMG-20190705-WA0009.jpg,image155.jpg
MFQ0LG8Q60E_IMG-20190530-WA0003.jpg,image156.jpg
MFREAY46I0S_Screenshot_2019-07-15-11-43-32-39.jpg,image157.jpg
MFRFIIP28PS_IMG_20190725_104000.jpg,image158.jpg
MFQZLP2SY2U_IMG-20190702-WA0011.jpg,image159.jpg
MFRFGUD2USH_IMG-20190715-WA0065.jpg,image160.jpg
MFRXMDZRH8M_IMG-20190801-WA0000.jpg,image161.jpg
MFQ2OBO9D7V_Screenshot_20190603_080219_com.google.android.apps.docs.jpg,image162.jpg
MFRXO74XFU2_PYP_856.jpg,image163.jpg
MFROE36SY8M_Screenshot_2019-07-24-10-56-27-92.jpg,image164.jpg
MFS47H3EFD2_IMG-20190720-WA0013.jpg,image165.jpg
MFS7OH4TKBJ_IMG-20190809-WA0089.jpg,image166.jpg
MFQSW10ZMYB_IMG-20190626-WA0026.jpg,image167.jpg
MFR9UL1IBMH_IMG-20190711-WA0004.jpg,image168.jpg
MFREHK4IS51_quote_new_agent_6b03b585-64e7-4a03-9d5c-c627ef20fb72.jpg,image169.jpg
MFS3DZOB4XN_test.jpg,image170.jpg
MFS3B52TVJ8_IMG-20190806-WA0026.jpg,image171.jpg
MFQZLP2SY2U_IMG-20190702-WA0015.jpg,image172.jpg
MFRYR2ODXG6_IMG-20190802-WA0008.jpg,image173.jpg
MFQ3531W8BR_Screenshot_2019-06-03-17-55-26-90_e2d5b3f32b79de1d45acd1fad96fbb0f.jpg,image174.jpg
MFQQNO3X9VN_IMG-20190624-WA0029.jpg,image175.jpg
MFRM79IMMFI_IMG-20190704-WA0032.jpg,image176.jpg
MFQQH9PYWPJ_IMG-20190621-WA0020.jpg,image177.jpg
MFQ0WAX9VTJ_20190601_173500.jpg,image178.jpg
MFQIGLE03QT_IMG-20190616-WA0003.jpg,image179.jpg
MFQVAJYRHXV_RJ_02_CB_2312_0004.jpg,image180.jpg
MFRONXX3U4T_HP025452_INSURANCE_27082018.jpg,image181.jpg
MFQ4DPAOTJR_Screenshot_2019-06-04-20-26-41-14.jpg,image182.jpg
MFS25D7B7QI_image-146d3a36-8adc-4cec-b91b-fd83e0bfab2d.jpg,image183.jpg
MFQ8IFYNDAR_IMG-20190608-WA0023.jpg,image184.jpg
MFQ40AU2GZO_Rajendra_2.jpg,image185.jpg
MFS43DG01ZE_image-59f942c2-583b-469c-b1f2-181991be4621.jpg,image186.jpg
MFR37PX2IF5_IMG-20190705-WA0021.jpg,image187.jpg
MFRXHNAKMB2_IMG-20190801-WA0008.jpg,image188.jpg
MFRYO44NPI7_IMG-20190802-WA0004.jpg,image189.jpg
MFREK80CZXG_IMG-20190715-WA0012.jpg,image190.jpg
MFQBYQ3LO59_IMG-20190611-WA0025.jpg,image191.jpg
MFRXMZD8RVJ_IMG-20190801-WA0009.jpg,image192.jpg
MFQ8LXM7V7C_P_VP.jpg,image193.jpg
MFS387ZQZ6B_Screenshot_2019-08-06-14-19-44-70(1).jpg,image194.jpg
MFQ7CSXFSCX_IMG_20190607_112635.jpg,image195.jpg
MFQZLQY033M_IMG-20190702-WA0006.jpg,image196.jpg
Orignal_name,New_name
MFRQS763QRF_IMG-20190725-WA0036.jpg,V2image1.jpg
MFQSW10ZMYB_IMG-20190626-WA0029.jpg,V2image2.jpg
MFRAVA1VCZ2_WhatsApp_Image_2019-07-18_at_20.31.52.jpg,V2image3.jpg
MFRHVHN8CCK_IMG-20190718-WA0014.jpg,V2image4.jpg
MFS6I0GKKZX_IMG-20190809-WA0002.jpg,V2image5.jpg
MFRS37OI917_Screenshot_20190727-093854.jpg,V2image6.jpg
MFQK46C5PIT_nexon_policy.jpg,V2image7.jpg
MFQZUXQAAOF_Screenshot_2019-07-02-17-25-20-54.jpg,V2image8.jpg
MFQL4WIVZMM_IMG-20190612-WA0010.jpg,V2image9.jpg
MFRYQK4VQAR_image-0cbc0640-1e87-4db3-8ef9-5daf92ba796b.jpg,V2image10.jpg
MFQ8UN5TPEN_IMG-20190608-WA0007.jpg,V2image11.jpg
MFS7MEA0AET_20190809_153314.jpg,V2image12.jpg
MFQ50FFIN1E_IMG-20190605-WA0005.jpg,V2image13.jpg
MFQBXIR4O79_IMG-20190610-WA0042.jpg,V2image14.jpg
MFQB5MXWBC6_imsurance.jpg,V2image15.jpg
MFQCXXDU6CO_WhatsApp_Image_2019-06-12_at_9.58.27_AM.jpg,V2image16.jpg
MFQD296MG7I_Last_year_policy.jpg,V2image17.jpg
MFQ6WGRD5TI_IMG-20190607-WA0002.jpg,V2image18.jpg
MFS6PKWT9K3_WhatsApp_Image_2019-08-03_at_2.49.17_PM.jpg,V2image19.jpg
MFRD5UINGOB_image-6738a853-9fb8-4395-a23b-8c4930b6839d.jpg,V2image20.jpg
MFRRSPSIE04_WhatsApp_Image_2019-07-27_at_11.04.50_AM_(1).jpg,V2image21.jpg
MFRWXDOIC2N_Screenshot_2019-08-01-00-22-35.jpg,V2image22.jpg
MFRXOTT1N26_WhatsApp_Image_2019-08-01_at_4.19.37_PM_(2).jpg,V2image23.jpg
MFRVIHMGA61_WhatsApp_Image_2019-07-30_at_4.32.24_PM_(1).jpg,V2image24.jpg
MFQ2XZ7COLN_IMG-20190601-WA0007.jpg,V2image25.jpg
MFRS37OI917_Screenshot_20190727-093921.jpg,V2image26.jpg
MFR0S9ZI92W_WhatsApp_Image_2019-07-03_at_1.14.13_AM.jpg,V2image27.jpg
MFRYR2ODXG6_IMG-20190802-WA0007.jpg,V2image28.jpg
MFRZXYIL8S4_gala_policy_copy.jpg,V2image29.jpg
MFROVFN1X7E_IMG-20190724-WA0022.jpg,V2image30.jpg
MFQSW10ZMYB_IMG-20190626-WA0028.jpg,V2image31.jpg
MFS7JSMAF38_IMG-20190808-WA0017.jpg,V2image32.jpg
MFQQKRPIQC5_IMG-20190624-WA0002.jpg,V2image33.jpg
MFQNDWB5VB8_WhatsApp_Image_2019-06-20_at_2.58.59_PM_(2).jpg,V2image34.jpg
MFRD5UINGOB_image-2582a434-dc28-45b6-a46e-5fdb259ddc14.jpg,V2image35.jpg
MFS6ENPY4B9_IMG-20190808-WA0005.jpg,V2image36.jpg
MFQ0J54KRVP_SACHIN-INNOVA_POLICY.jpg,V2image37.jpg
MFRTDQ4V82B_Deeplal_Shah_Policy_.jpg,V2image38.jpg
MFQ2UEBW9PC_WhatsApp_Image_2019-06-01_at_1.27.22_PM_(1).jpg,V2image39.jpg
MFRTBIM0D8T_Screenshot_2019-07-28-19-41-41-200_com.google.android.apps.docs.jpg,V2image40.jpg
MFRHLHB2BCC_WhatsApp_Image_2019-07-18_at_9.58.58_AM.jpg,V2image41.jpg
MFS5NXOIXRB_WhatsApp_Image_2019-08-08_at_5.44.40_PM.jpg,V2image42.jpg
MFQKV3WCPVM_Ankit_2.jpg,V2image43.jpg
MFR101ESXEU_db0f36d3-9feb-4127-8f3c-06cbb8ea5049.jpg,V2image44.jpg
MFS6RT98BOE_PYPSSS.jpg,V2image45.jpg
MFQ523HILDJ_HDFC_POLICY.jpg,V2image46.jpg
MFQQK731IB6_WhatsApp_Image_2019-06-24_at_09.10.12.jpg,V2image47.jpg
PFRNCP1XY4G_WhatsApp_Image_2019-07-23_at_11.20.47_AM_(1).jpg,V2image48.jpg
MFQ35IGK21H_image-0dbabbc5-8018-4d93-9dd9-8e71b13f61ba.jpg,V2image49.jpg
MFQM96C8TXN_WhatsApp_Image_2019-06-20_at_4.12.33_PM_(2).jpg,V2image50.jpg
MFQOALTFDOI_WhatsApp_Image_2019-06-22_at_9.19.22_AM.jpg,V2image51.jpg
MFQFF43N6HT_nazoora2.jpg,V2image52.jpg
MFQT1OSHHPT_WhatsApp_Image_2019-06-26_at_2.41.28_PM.jpg,V2image53.jpg
MFR0Y5ISYL4_WhatsApp_Image_2019-07-03_at_15.44.26_(1).jpg,V2image54.jpg
MFRME3VW0N8_RASTOGI.jpg,V2image55.jpg
MFS39GKMVU4_IMG-20190806-WA0000.jpg,V2image56.jpg
MFQNLYYNI4E_IMG-20190621-WA0002.jpg,V2image57.jpg
MFR8KZ2VRJU_WhatsApp_Image_2019-07-09_at_5.45.17_PM.jpg,V2image58.jpg
MFR9RTJ2SR5_WhatsApp_Image_2019-07-11_at_11.59.24_AM.jpg,V2image59.jpg
MFQE1ZAG3XH_WhatsApp_Image_2019-06-12_at_23.31.04.jpg,V2image60.jpg
MFRQYRMV0SY_WhatsApp_Image_2019-07-25_at_8.21.48_PM_(1).jpg,V2image61.jpg
MFQBX1MHCS0_IMG-20190611-WA0010.jpg,V2image62.jpg
MFROIFKBJ6B_WhatsApp_Image_2019-07-24_at_12.48.42_PM.jpg,V2image63.jpg
MFRYQHNQ9GF_CAR_1.jpg,V2image64.jpg
MFQSVYHDVT4_WhatsApp_Image_2019-06-26_at_12.31.18_PM_(1).jpg,V2image65.jpg
MFQ5IU0EI3P_IMG_20190605_190132.jpg,V2image66.jpg
MFQQH49RHQB_insu.jpg,V2image67.jpg
MFRQS763QRF_IMG-20190725-WA0034.jpg,V2image68.jpg
MFRQVGG6HTG_image-f6291021-7edd-468a-96e6-3e833f1fb574.jpg,V2image69.jpg
MFRV8K5HEV3_WhatsApp_Image_2019-07-29_at_17.44.38_(3).jpg,V2image70.jpg
MFR27H6MHSA_Screen_Shot_2019-07-02_at_3.13.48_PM.jpg,V2image71.jpg
MFRJNWQDWD1_IMG-20190720-WA0001.jpg,V2image72.jpg
MFRS1PO8CXX_IMG-20190722-WA0002.jpg,V2image73.jpg
MFRPSRK041F_IMG-20190725-WA0014.jpg,V2image74.jpg
MFRFEHQYIAU_WhatsApp_Image_2019-07-16_at_11.34.02_AM_(1).jpg,V2image75.jpg
MFRIQ1M84CP_IMG-20190719-WA0008.jpg,V2image76.jpg
MFQ5CC9DYFY_NISHIT.jpg,V2image77.jpg
MFRATI0UYZW_Screenshot_2019-07-12-10-25-55-28.jpg,V2image78.jpg
MFRVBLA6LWS_IMG-20190709-WA0002.jpg,V2image79.jpg
MFQ45NWFUVZ_WhatsApp_Image_2019-06-04_at_15.19.44.jpg,V2image80.jpg
MFROVFN1X7E_IMG-20190724-WA0019.jpg,V2image81.jpg
MFQSUBZLQY4_FF1725C2-B45D-4398-9F06-D719C1B5F3A8.jpg,V2image82.jpg
MFROLGYCMB7_IMG-20190723-WA0004.jpg,V2image83.jpg
MFQC1PTOH3J_WhatsApp_Image_2019-06-11_at_2.08.11_PM_(2).jpg,V2image84.jpg
MFQV4PZX1NS_QUOTE_2.jpg,V2image85.jpg
MFQD4CFIGXQ_WhatsApp_Image_2019-06-15_at_6.11.23_PM.jpg,V2image86.jpg
MFRQYRMV0SY_WhatsApp_Image_2019-07-26_at_11.22.56_AM.jpg,V2image87.jpg
MFQ9NK92S7R_20190609_121953.jpg,V2image88.jpg
MFRU8028692_WhatsApp_Image_2019-07-29_at_14.34.02.jpg,V2image89.jpg
MFS7X8CO69L_Screenshot_2019-08-10-18-07-39-666_com.google.android.apps.docs.jpg,V2image90.jpg
MFPZQDS1KFU_p.jpg,V2image91.jpg
MFQ0Y3TUA4Z_IMG-20190601-WA0012.jpg,V2image92.jpg
MFRAWWZL5YA_WhatsApp_Image_2019-07-12_at_12.16.29_PM_(1).jpg,V2image93.jpg
MFRGII872OY_WhatsApp_Image_2019-07-17_at_11.11.13_AM_(1).jpg,V2image94.jpg
MFRMGRJCHZR_IMG-20190713-WA0036.jpg,V2image95.jpg
MFRVBZUDQ3R_Screenshot_2019-07-30-14-25-32-714_com.google.android.apps.docs.jpg,V2image96.jpg
MFS40WEWL7E_IMG-20190806-WA0015.jpg,V2image97.jpg
MFS5FK4KELF_Screenshot_2019-08-08-13-07-31-25.jpg,V2image98.jpg
MFQKZQBK1LM_WhatsApp_Image_2019-06-19_at_1.23.20_PM.jpg,V2image99.jpg
MFS6PF5EF13_WhatsApp_Image_2019-08-03_at_2.47.19_PM_(1).jpg,V2image100.jpg
MFRE68ZJSO8_IMG-20190714-WA0003.jpg,V2image101.jpg
MFQRNKLPDAI_gajendra_policy_.jpg,V2image102.jpg
MFQC9K7D9WE_Screenshot_20190611-194733_Adobe_Acrobat.jpg,V2image103.jpg
MFR9R2XTBLC_private_car_Gujrat_9533a76f-0983-4b13-aafb-574614cbe2c8.jpg,V2image104.jpg
MFS499LNEA3_image-8f6f05ba-643a-479f-9438-7201c9f8632c.jpg,V2image105.jpg
MFRIQ1M84CP_IMG-20190719-WA0009.jpg,V2image106.jpg
MFQYIZIGG32_IMG-20190701-WA0005.jpg,V2image107.jpg
MFRGM5W4A22_IMG-20190717-WA0011.jpg,V2image108.jpg
MFRFIIP28PS_IMG-20190715-WA0001__01.jpg,V2image109.jpg
MFQNDWB5VB8_WhatsApp_Image_2019-06-20_at_2.58.59_PM_(3).jpg,V2image110.jpg
MFR9RTJ2SR5_WhatsApp_Image_2019-07-11_at_11.59.25_AM_(1).jpg,V2image111.jpg
MFQBUYSU901_IMG-20190611-WA0000.jpg,V2image112.jpg
MFRQS763QRF_IMG-20190725-WA0033.jpg,V2image113.jpg
MFRELVL7URY_WhatsApp_Image_2019-07-15_at_6.52.39_PM.jpg,V2image114.jpg
MFQ55TFZXKC_IMG-20190604-WA0024.jpg,V2image115.jpg
MFQMB95TM31_IMG-20190608-WA0043.jpg,V2image116.jpg
MFR1Y7WSCKX_MAMTA_POLICY.jpg,V2image117.jpg
MFQ7U6G70JN_IMG-20190607-WA0061.jpg,V2image118.jpg
MFQF9NHW9G0_IMG-20190613-WA0068.jpg,V2image119.jpg
MFS4F2WVFI7_WhatsApp_Image_2019-08-07_at_2.26.11_PM.jpg,V2image120.jpg
MFRQV1B4BEW_IMG_20190726_152431.jpg,V2image121.jpg
MFQ2XZ7COLN_IMG-20190601-WA0003.jpg,V2image122.jpg
MFRM4H2VFFP_WhatsApp_Image_2019-07-21_at_10.51.30_AM.jpg,V2image123.jpg
MFRXH542V30_IMG-20190801-WA0002.jpg,V2image124.jpg
MFQ50FFIN1E_IMG-20190605-WA0000.jpg,V2image125.jpg
PFRNCP1XY4G_WhatsApp_Image_2019-07-23_at_11.20.46_AM.jpg,V2image126.jpg
MFRGLDJEJN4_IMG_20190716_161529359.jpg,V2image127.jpg
MFS7LREY2HP_IMG-20190809-WA0001.jpg,V2image128.jpg
MFQ0Y3TUA4Z_IMG-20190601-WA0010.jpg,V2image129.jpg
MFREU1G7MEU_POLICY_1.jpg,V2image130.jpg
MFQ46QURLLE_image-d1b868ec-41ef-4bcc-9792-f1ffdd2a60dc.jpg,V2image131.jpg
MFQ36ZBJZGF_WhatsApp_Image_2019-06-03_at_6.54.15_PM_(1).jpg,V2image132.jpg
MFRI1YJPCT8_Screenshot_2019-07-18-18-15-56-43.jpg,V2image133.jpg
MFRXEIG6AWK_image-d40343d7-396b-4c6b-9839-0eb8d0e62418.jpg,V2image134.jpg
MFQMB95TM31_IMG-20190608-WA0042.jpg,V2image135.jpg
MFQTZPKK0KJ_WhatsApp_Image_2019-06-27_at_12.24.37_PM_(1).jpg,V2image136.jpg
MFQ55TFZXKC_IMG-20190604-WA0025.jpg,V2image137.jpg
MFR4NADEM2W_Screenshot_20190713-155552_Gallery.jpg,V2image138.jpg
MFQ48BNH6JI_WhatsApp_Image_2019-06-04_at_6.01.53_AM.jpg,V2image139.jpg
MFQB1QZ1RLD_IMG-20190610-WA0012.jpg,V2image140.jpg
MFRYHQE6G9L_IMG-20190802-WA0077.jpg,V2image141.jpg
MFRQS763QRF_IMG-20190725-WA0032.jpg,V2image142.jpg
MFS499UESGJ_WhatsApp_Image_2019-08-07_at_12.01.36_PM.jpg,V2image143.jpg
MFS43DG01ZE_image-cb415395-1277-4c78-827f-f4de29d1d1ff.jpg,V2image144.jpg
MFRMHV3470U_WhatsApp_Image_2019-07-22_at_6.20.56_PM.jpg,V2image145.jpg
MFS3E0JF3DQ_WhatsApp_Image_2019-08-06_at_5.43.36_PM.jpg,V2image146.jpg
MFS6OWGA4V9_WhatsApp_Image_2019-08-09_at_14.16.35.jpg,V2image147.jpg
MFRAUPDWPP5_Screenshot_2019-07-12-11-08-32-96.jpg,V2image148.jpg
MFQYIZIGG32_IMG-20190701-WA0006.jpg,V2image149.jpg
MFS387ZQZ6B_Screenshot_2019-08-06-14-19-44-70.jpg,V2image150.jpg
MFS45NK4JJY_WhatsApp_Image_2019-08-06_at_13.03.20.jpg,V2image151.jpg
MFQ2TN2CXKD_WhatsApp_Image_2019-06-03_at_10.40.13_(1).jpg,V2image152.jpg
MFRWMMPGU61_Screenshot_20190731-180037__01.jpg,V2image153.jpg
MFRS7TNYKRR_IMG-20190727-WA0016.jpg,V2image154.jpg
MFQSVYHDVT4_WhatsApp_Image_2019-06-26_at_12.31.18_PM.jpg,V2image155.jpg
MFQQI95EYT1_WhatsApp_Image_2019-06-21_at_5.46.03_PM.jpg,V2image156.jpg
MFRU46AI9BR_WhatsApp_Image_2019-07-27_at_3.47.03_PM.jpg,V2image157.jpg
MFRQQYJTRQ9_WhatsApp_Image_2019-07-26_at_12.47.02_PM.jpg,V2image158.jpg
MFRNIW50FNU_WhatsApp_Image_2019-07-23_at_10.35.23_AM_(3).jpg,V2image159.jpg
MFPYBZAPBVU_IMG_20190609_125908.jpg,V2image160.jpg
MFRNLAN4U3R_WhatsApp_Image_2019-07-23_at_11.30.12_AM_(1).jpg,V2image161.jpg
MFR7SLNNHLE_Subhash_pawar.jpg,V2image162.jpg
MFRGU1Q4GJ1_IMG-20190715-WA0003.jpg,V2image163.jpg
MFS4ACU6WJS_IMG-20190807-WA0020.jpg,V2image164.jpg
MFRHXU4E886_IMG-20190719-WA0060.jpg,V2image165.jpg
MFQ28E4PGRV_IMG-20190602-WA0006.jpg,V2image166.jpg
MFR47GZHSHJ_IMG-20190705-WA0003.jpg,V2image167.jpg
MFR231LSDMV_MAHINDRA_IMP_PYP.jpg,V2image168.jpg
MFQE60Y8SSR_WhatsApp_Image_2019-06-13_at_12.16.21_PM_(2).jpg,V2image169.jpg
MFQE1ZAG3XH_WhatsApp_Image_2019-06-12_at_23.25.05.jpg,V2image170.jpg
MFS6NHR9NYF_Screenshot_2019-08-09-15-07-01-22.jpg,V2image171.jpg
MFQD03AHKKO_WhatsApp_Image_2019-06-12_at_11.24.26_(1).jpg,V2image172.jpg
MFRV0P3Z2IY_IMG-20190729-WA0026.jpg,V2image173.jpg
MFQE6EFAOMY_WhatsApp_Image_2019-06-12_at_3.10.17_PM.jpg,V2image174.jpg
MFS4ACU6WJS_IMG-20190807-WA0021.jpg,V2image175.jpg
MFS4D1RTSB9_Screenshot_20190803-222324.jpg,V2image176.jpg
MFQOBD7OHIU_WhatsApp_Image_2019-06-22_at_11.47.21.jpg,V2image177.jpg
AFPC1O1Z6OT_OLD_POLICY-DR._CHHAYA_KRISHNA_NIMASAKHARE.jpg,V2image178.jpg
MFQOIHJQQEC_0054.jpg,V2image179.jpg
MFR0QOG8OH7_WhatsApp_Image_2019-07-03_at_11.24.07.jpg,V2image180.jpg
MFQFF43N6HT_NAZOORA.jpg,V2image181.jpg
MFRGGWORM8Y_WhatsApp_Image_2019-07-17_at_8.12.40_AM.jpg,V2image182.jpg
MFR1WOQ707G_Sikandar_kumar_policy1.jpg,V2image183.jpg
MFROFJPH6UU_IMG-20190724-WA0009.jpg,V2image184.jpg
MFRNAFCV6G4_IMG-20190723-WA0012.jpg,V2image185.jpg
MFS45NK4JJY_WhatsApp_Image_2019-08-06_at_13.03.21.jpg,V2image186.jpg
MFS5MZ13ZV8_WhatsApp_Image_2019-08-08_at_5.14.02_PM.jpg,V2image187.jpg
MFRXGXFALFK_image-e794da1e-ae4b-4863-a444-903440c910b4.jpg,V2image188.jpg
PFRS0SF7IF4_WhatsApp_Image_2019-07-27_at_6.02.30_PM.jpg,V2image189.jpg
MFQAXVYEZOV_IMG-20190610-WA0033.jpg,V2image190.jpg
MFS1Y5MPB9O_choephel_2.jpg,V2image191.jpg
MFRZWD4MLK6_IMG-20190803-WA0057.jpg,V2image192.jpg
MFRIXK35AO2_IMG-20190713-WA0010.jpg,V2image193.jpg
MFRMA1RQCKG_WhatsApp_Image_2019-07-22_at_12.56.39_PM.jpg,V2image194.jpg
MFQAVO9A8GR_IMG-20190610-WA0005.jpg,V2image195.jpg
MFQ2WFXIJF0_new_united.JPG,V2image196.jpg
MFQOBD7OHIU_WhatsApp_Image_2019-06-22_at_11.47.23.jpg,V2image197.jpg
MFRAZLCNSCB_neeti_samot_policy_copy.jpg,V2image198.jpg
MFS3ACSSIIO_IMG-20190806-WA0036.jpg,V2image199.jpg
MFRHXU4E886_IMG-20190719-WA0063.jpg,V2image200.jpg
MFQ7IBVKU6K_IMG-20190607-WA0038.jpg,V2image201.jpg
MFQNF7RM53R_IMG-20190621-WA0031.jpg,V2image202.jpg
MFRGIFFFFVN_IMG-20190717-WA0010.jpg,V2image203.jpg
MFRFIIP28PS_IMG-20190715-WA0003__01.jpg,V2image204.jpg
MFQ28E4PGRV_IMG-20190602-WA0005.jpg,V2image205.jpg
MFRRR4CWHGY_IMG-20190727-WA0003.jpg,V2image206.jpg
MFQRS8X9JOZ_fbac5a73-7c05-4b65-9185-8f4cc41b1634.jpg,V2image207.jpg
MFQ8KSAH9RW_IMG-20190531-WA0025.jpg,V2image208.jpg
MFS2EBA01NN_IMG-20190805-WA0042.jpg,V2image209.jpg
MFRJ51ZFYS4_insurance_(1).jpg,V2image210.jpg
MFQ6MEMGIM0_WhatsApp_Image_2019-06-06_at_11.51.32_(2).jpg,V2image211.jpg
MFQ56AS9WFJ_image-23ced1a4-fffd-4519-bec2-74c2f05ec863.jpg,V2image212.jpg
MFQAPZ8BO8T_IMG-20190610-WA0008.jpg,V2image213.jpg
MFS3O1Q450R_Screenshot_20190806-230955.jpg,V2image214.jpg
MFS4C085HSD_IMG20190807134755.jpg,V2image215.jpg
MFQAQ1547EV_image-9258fd38-6de1-4aa7-808d-d38fdf42513e.jpg,V2image216.jpg
MFROE4VAV0C_Policy_Copy.jpg,V2image217.jpg
MFRZKSTJRG1_Screenshot_20190803-084224_WhatsApp.jpg,V2image218.jpg
MFR49RGNGYU_Screenshot_20190706-141517.jpg,V2image219.jpg
MFRMJQP8731_IMG_20190722_194410.jpg,V2image220.jpg
MFR200EJOT9_WhatsApp_Image_2019-07-04_at_2.17.08_AM.jpg,V2image221.jpg
MFQD03AHKKO_WhatsApp_Image_2019-06-12_at_11.24.26.jpg,V2image222.jpg
MFRATI0UYZW_Screenshot_2019-07-12-10-25-52-52.jpg,V2image223.jpg
MFRXFUHCBQ5_3069b4f5-6a80-4875-a036-57a1830967d0.jpg,V2image224.jpg
MFR9VGQG6QS_Screenshot_2019-07-11-14-18-35-34_f541918c7893c52dbd1ee5d319333948.jpg,V2image225.jpg
MFROCPUSL44_IMG-20190718-WA0028.jpg,V2image226.jpg
MFS378M341O_WhatsApp_Image_2019-08-06_at_12.25.22_PM_(1).jpg,V2image227.jpg
MFQTV0EX5U7_WhatsApp_Image_2019-06-26_at_20.13.10_(1).jpg,V2image228.jpg
MFRZVWJCW7G_WhatsApp_Image_2019-08-03_at_2.54.24_PM.jpg,V2image229.jpg
MFQ2S8HFTOO_IMG-20190603-WA0008.jpg,V2image230.jpg
MFQGG5JW88G_IMG-20190615-WA0022.jpg,V2image231.jpg
MFRNJL0WPLJ_IMG-20190223-WA0004.jpg,V2image232.jpg
MFR30JPBATT_WhatsApp_Image_2019-07-04_at_17.19.23.jpg,V2image233.jpg
MFRWG66FMOH_IMG-20190730-WA0012.jpg,V2image234.jpg
MFQYEV46AFD_WhatsApp_Image_2019-06-30_at_11.51.11_AM.jpg,V2image235.jpg
MFQF7JAUYJI_WhatsApp_Image_2019-06-13_at_9.56.50_AM.jpg,V2image236.jpg
MFRUD849MU9_WhatsApp_Image_2019-07-29_at_17.53.35_(2).jpg,V2image237.jpg
MFQEDQPMVWD_IMG-20190613-WA0041.jpg,V2image238.jpg
MFS3O1Q450R_Screenshot_20190806-230945.jpg,V2image239.jpg
MFRNOU9NWLA_IMG-20190714-WA0001.jpg,V2image240.jpg
MFQVDAZY9GA_WhatsApp_Image_2019-06-28_at_5.11.58_PM_(1).jpg,V2image241.jpg
MFS34CG4MVV_WhatsApp_Image_2019-08-06_at_11.55.15_AM.jpg,V2image242.jpg
MFQGHD1IUFW_WhatsApp_Image_2019-06-15_at_11.55.13_AM.jpg,V2image243.jpg
MFQNDDUF0SV_WhatsApp_Image_2019-06-21_at_3.08.58_PM.jpg,V2image244.jpg
MFQWDCV26DY_Screenshot_2019-06-29-15-16-21-67_e2d5b3f32b79de1d45acd1fad96fbb0f.jpg,V2image245.jpg
MFQ67Y3HGFM_WhatsApp_Image_2019-06-06_at_9.27.35_AM_(1).jpg,V2image246.jpg
MFR1XKD7JTH_Policy_Thar.jpg,V2image247.jpg
MFRK11NQQWX_WhatsApp_Image_2019-07-20_at_1.57.59_PM_(1).jpg,V2image248.jpg
MFRZWDS0G7J_WhatsApp_Image_2019-08-03_at_3.06.32_PM.jpg,V2image249.jpg
MFROKYS3S0F_WhatsApp_Image_2019-07-24_at_2.12.45_AM.jpg,V2image250.jpg
MFRT6QZ00AN_IMG-20190726-WA0088.jpg,V2image251.jpg
MFRNPL4ELZ9_WhatsApp_Image_2019-07-27_at_1.59.41_PM_(1).jpg,V2image252.jpg
MFS171GO8FO_IMG-20190804-WA0140.jpg,V2image253.jpg
MFR7J8IK5HO_8606_POLICY.jpg,V2image254.jpg
MFRXOTT1N26_WhatsApp_Image_2019-08-01_at_4.19.38_PM.jpg,V2image255.jpg
MFRK11NQQWX_WhatsApp_Image_2019-07-20_at_1.58.14_PM.jpg,V2image256.jpg
MFS4JP3FXJ1_IMG-20190807-WA0008.jpg,V2image257.jpg
MFS1BHFWEW9_b1USQaEaLbJFXWN8UWNLVBS9.jpg,V2image258.jpg
MFR9VH7VIUN_Policy_Copy.jpg,V2image259.jpg
MFRNJL0WPLJ_IMG-20190223-WA0005.jpg,V2image260.jpg
MFS4I3KGMNT_Screenshot_20190807_181851.jpg,V2image261.jpg
MFQ2S8HFTOO_IMG-20190603-WA0009.jpg,V2image262.jpg
MFR0N6WKKJN_BENKAPALI-POLICY1.jpg,V2image263.jpg
MFRNB2ZYHDN_WhatsApp_Image_2019-07-23_at_10.35.23_AM.jpg,V2image264.jpg
MFR7LXJD061_DHARMENDRA_QUOTE_IMG-20190709-WA0022.jpg,V2image265.jpg
MFR9U02UVEL_d9b7a86c-c742-4b92-9812-84d24bdd53f2.jpg,V2image266.jpg
MFQS1KL7JJ9_Annexure_2.jpg,V2image267.jpg
MFQC6UQSC6C_WhatsApp_Image_2019-06-11_at_6.12.51_PM.jpg,V2image268.jpg
MFQRSYKIC96_WhatsApp_Image_2019-06-25_at_13.14.23_(1).jpg,V2image269.jpg
MFR9SAOAXHS_IMG-20190710-WA0003.jpg,V2image270.jpg
MFRC10GVVXC_Pareshbhai.jpg,V2image271.jpg
MFRFGUD2USH_Screenshot_2019-07-16-13-11-50-46.jpg,V2image272.jpg
MFRVGFZYJB4_IMG-20190730-WA0017.jpg,V2image273.jpg
MFR7JD5CA06_WhatsApp_Image_2019-07-09_at_11.06.54_AM.jpg,V2image274.jpg
MFRL6LFP393_1_(1).jpg,V2image275.jpg
MFR7KZH7GAS_IMG-20190709-WA0002.jpg,V2image276.jpg
MFQ0HJGY40D_WhatsApp_Image_2019-05-31_at_7.03.39_PM_(1).jpg,V2image277.jpg
MFQE1ZAG3XH_WhatsApp_Image_2019-06-12_at_23.28.41.jpg,V2image278.jpg
MFQ769730VM_image-988a7d4c-c915-4ea4-96db-7ea375ee15e6.jpg,V2image279.jpg
MFQM4TKKFQR_WhatsApp_Image_2019-06-17_at_10.26.29_(1).jpg,V2image280.jpg
MFR7P2NTGOJ_WhatsApp_Image_2019-07-09_at_15.35.32.jpg,V2image281.jpg
MFQ4AFY9GJR_Screenshot_2019-06-04-18-00-57-45.jpg,V2image282.jpg
MFRFM8G2NHU_Screenshot_20190716-162532.jpg,V2image283.jpg
MFRZWC3YLXP_WhatsApp_Image_2019-08-03_at_3.15.43_PM.jpg,V2image284.jpg
MFS7KNGYE93_INSURANCE_BABAR.jpg,V2image285.jpg
MFRVIHMGA61_WhatsApp_Image_2019-07-30_at_6.18.46_PM.jpg,V2image286.jpg
MFRYIXRCPGE_WhatsApp_Image_2019-08-01_at_21.28.25_(2).jpg,V2image287.jpg
MFQBUC0T7N4_IMG-20190611-WA0012.jpg,V2image288.jpg
MFREAY46I0S_Screenshot_2019-07-15-11-43-27-75.jpg,V2image289.jpg
MFQZT70AB2Z_Screenshot_2019-07-02-16-41-58-01.jpg,V2image290.jpg
MFRS1222KNG_PREMJIBHAI_OLD_POLICY.JPG,V2image291.jpg
MFQIRVL7B66_INSURANCE.jpg,V2image292.jpg
MFRHXU4E886_IMG-20190719-WA0058.jpg,V2image293.jpg
MFQ3XAOS6DG_WhatsApp_Image_2019-06-04_at_6.01.53_AM.jpg,V2image294.jpg
MFQ6EDJ7XFT_IMG-20190606-WA0015.jpg,V2image295.jpg
MFQOC4YFHBH_IMG-20190622-WA0011.jpg,V2image296.jpg
MFR7KZH7GAS_IMG-20190709-WA0003.jpg,V2image297.jpg
MFR3DD3NVBB_VIJAY_PARIKH_PYP.jpg,V2image298.jpg
MFRXO74XFU2_pyp_0856.jpg,V2image299.jpg
MFQC3BWN82D_IMG-20190611-WA0041.jpg,V2image300.jpg
MFREBIQ53U5_WhatsApp_Image_2019-07-15_at_12.43.58_PM.jpg,V2image301.jpg
MFRHR71C0A5_insurance.jpg,V2image302.jpg
MFQNEBMO2HD_WhatsApp_Image_2019-06-21_at_4.24.01_PM.jpg,V2image303.jpg
MFRYMLAZMTY_WhatsApp_Image_2019-08-02_at_11.57.07_AM.jpg,V2image304.jpg
MFRW78TQOJ1_Screenshot_2019-07-31-08-55-49-61.jpg,V2image305.jpg
MFREVJEVD1D_WhatsApp_Image_2019-07-15_at_5.18.54_PM.jpg,V2image306.jpg
MFQ8KX4F5KS_WhatsApp_Image_2019-06-08_at_1.33.58_PM.jpg,V2image307.jpg
MFQ2UKKT65U_WhatsApp_Image_2019-06-01_at_1.27.40_PM_(4).jpg,V2image308.jpg
MFQBPQOX3DP_Document_11_1.jpg,V2image309.jpg
MFRZU6ZAQSO_Screenshot_2019-08-03-14-15-28-03.jpg,V2image310.jpg
MFQ3T1IFU2K_IMG-20190603-WA0004.jpg,V2image311.jpg
MFRJ7SI2U24_MOHMMED_IBRAHIM_ABDUL_RAHIM-1[1].jpg,V2image312.jpg
MFRYIXRCPGE_WhatsApp_Image_2019-08-01_at_21.28.25_(1).jpg,V2image313.jpg
MFS3HNELNF7_image-7b422816-2bcb-490d-bdb6-18334a262bbf.jpg,V2image314.jpg
MFR8R5N9OG2_IMG_20190710_143046.jpg,V2image315.jpg
MFRC7RPIT5Y_bd56d855-80b6-42fb-a113-807318a8b811.jpg,V2image316.jpg
MFRH3CQF6H5_IMG-20190717-WA0025.jpg,V2image317.jpg
MFQBX02VHLK_20190610_184036.jpg,V2image318.jpg
MFQ69NNW45N_IMG-20190606-WA0000.jpg,V2image319.jpg
MFQCABJV55D_micro_logistics.jpg,V2image320.jpg
MFRHVT8YA8S_WhatsApp_Image_2019-07-18_at_4.31.32_PM.jpg,V2image321.jpg
MFRVKWSXSZI_CHEQUE.jpg,V2image322.jpg
MFQDB333J6D_IMG-20190612-WA0028.jpg,V2image323.jpg
MFQYP74RB81_WhatsApp_Image_2019-07-01_at_4.46.06_PM.jpg,V2image324.jpg
MFQQS07IWIM_WhatsApp_Image_2019-06-24_at_3.38.14_PM.jpg,V2image325.jpg
MFRS23ZJ18V_IMG-20190727-WA0003.jpg,V2image326.jpg
MFQ55PO8VVG_image-fbf3e6de-a10d-40f5-b36d-53ceb0a1c4ff.jpg,V2image327.jpg
MFR9RTJ2SR5_WhatsApp_Image_2019-07-11_at_11.59.25_AM.jpg,V2image328.jpg
MFR8N2MECFV_IMG-20190709-WA0034.jpg,V2image329.jpg
MFQ56DLHIF9_image-fe16f9ae-49dc-43fd-b521-ccdb168fe19c.jpg,V2image330.jpg
MFRE9L0OA3E_Screenshot_20190715-114338_Drive.jpg,V2image331.jpg
MFS4JP3FXJ1_IMG-20190807-WA0007.jpg,V2image332.jpg
MFQ8JNTR5XW_INS.jpg,V2image333.jpg
MFQ5DGFR568_Screenshot_20190605-164128_Drive.jpg,V2image334.jpg
MFRMGCFUPLM_IMG-20190722-WA0022.jpg,V2image335.jpg
MFR1X4RWN2T_NINA_POLICY_.jpg,V2image336.jpg
MFQ5BYSZ9PG_IMG-20190506-WA0004.jpg,V2image337.jpg
MFQD6JMWEVH_HDFC_INSURACE.jpg,V2image338.jpg
MFS4AQD6MP0_WhatsApp_Image_2019-08-07_at_12.03.23_PM_(1).jpg,V2image339.jpg
MFRMHV3470U_WhatsApp_Image_2019-07-22_at_6.20.55_PM.jpg,V2image340.jpg
MFQST7E1B03_WhatsApp_Image_2019-06-26_at_11.23.43.jpg,V2image341.jpg
MFQEE5I6C35_KESHAV_SINGH_BASEMENT_MEDICAL_POLICY.jpg,V2image342.jpg
MFQVBL7PZO3_WhatsApp_Image_2019-06-28_at_16.48.23.jpg,V2image343.jpg
MFR43JS21HH_D754A14D-94DE-4D94-93F4-9EB52046221C.jpg,V2image344.jpg
MFQGMVGBG02_Insurance_Copy_of_Bike_001.jpg,V2image345.jpg
MFS4FSWY09R_renault_policy.jpg,V2image346.jpg
MFRS23ZJ18V_IMG-20190727-WA0001.jpg,V2image347.jpg
MFRIZW323NX_WhatsApp_Image_2019-07-20_at_1.14.10_PM.jpg,V2image348.jpg
MFQ6J0ZCJZF_Screenshot_2019-06-06-17-55-51-17.jpg,V2image349.jpg
MFR9RTJ2SR5_WhatsApp_Image_2019-07-11_at_11.59.24_AM_(1).jpg,V2image350.jpg
MFQ6I4I48FW_image-ba5cc1b7-ae1a-4d66-b8fa-828dda29c5ca.jpg,V2image351.jpg
MFQU89ULQQZ_IMG-20190627-WA0003.jpg,V2image352.jpg
MFQ6KOVT506_WhatsApp_Image_2019-06-06_at_6.10.41_PM.jpg,V2image353.jpg
PFQE8M10E0W_Mercedes_Policy.jpg,V2image354.jpg
MFRFGUD2USH_Screenshot_2019-07-16-13-11-45-69.jpg,V2image355.jpg
MFRMASC722Z_WhatsApp_Image_2019-07-10_at_9.53.51_AM.jpg,V2image356.jpg
MFRZKSTJRG1_Screenshot_20190803-084235_WhatsApp.jpg,V2image357.jpg
MFRS2U139XX_WhatsApp_Image_2019-07-27_at_5.05.00_PM.jpg,V2image358.jpg
PFRNCP1XY4G_WhatsApp_Image_2019-07-23_at_11.20.45_AM.jpg,V2image359.jpg
MFRNPL4ELZ9_WhatsApp_Image_2019-07-27_at_1.59.41_PM_(2).jpg,V2image360.jpg
MFRU8028692_WhatsApp_Image_2019-07-29_at_14.41.08.jpg,V2image361.jpg
MFS6PKWT9K3_WhatsApp_Image_2019-08-03_at_2.49.16_PM.jpg,V2image362.jpg
MFRB86Z0TPO_WhatsApp_Image_2019-07-12_at_5.11.31_PM_(1).jpg,V2image363.jpg
MFR7JDNIRHM_IMG-20190709-WA0011.jpg,V2image364.jpg
MFQ8JIR9ABX_IMG_20190608_124237.jpg,V2image365.jpg
MFR7P2NTGOJ_WhatsApp_Image_2019-07-09_at_15.35.31_(1).jpg,V2image366.jpg
MFQ0TW50TSI_IMG-20190601-WA0018.jpg,V2image367.jpg
MFQ8JNLKG5P_IMG-20190608-WA0000.jpg,V2image368.jpg
MFRM46RHMNJ_WhatsApp_Image_2019-07-21_at_2.52.08_PM.jpg,V2image369.jpg
MFRHX9Z60N1_IMG-20190718-WA0037.jpg,V2image370.jpg
MFS7LJHX0ND_IMG-20190810-WA0019.jpg,V2image371.jpg
MFQ49S1BAVP_IMG-20190604-WA0013.jpg,V2image372.jpg
MFRK11NQQWX_WhatsApp_Image_2019-07-20_at_1.57.59_PM.jpg,V2image373.jpg
MFRAVA1VCZ2_WhatsApp_Image_2019-07-18_at_20.31.51_(2).jpg,V2image374.jpg
MFQE6QDDPES_WhatsApp_Image_2019-06-13_at_12.35.02_PM.jpg,V2image375.jpg
MFQTZ4VXJZ3_Ketan_Shah_P.jpg,V2image376.jpg
MFS25D7B7QI_image-04395109-eeac-4983-bd2e-5345e7b48d4b.jpg,V2image377.jpg
MFQ7H35XE6C_image-66439f6d-d7e6-45eb-bd26-8e07e8a0efa6.jpg,V2image378.jpg
MFRL49R96YW_IMG-20190709-WA0006.jpg,V2image379.jpg
MFQ47X9TVIK_image-b20e3dcd-7396-4de5-a1a5-e847d27d1fee.jpg,V2image380.jpg
MFRECYOZSZ8_Screenshot_2019-07-15-13-38-50-03.jpg,V2image381.jpg
MFRISHKEONA_2019ed38-b1d0-4b73-a69e-adf2201ef367.jpg,V2image382.jpg
MFQ6KOVT506_WhatsApp_Image_2019-06-06_at_6.10.51_PM.jpg,V2image383.jpg
MFRHXU4E886_IMG-20190719-WA0053.jpg,V2image384.jpg
MFRJY2FUF0O_WhatsApp_Image_2019-07-20_at_10.22.18_AM_(2).jpg,V2image385.jpg
MFQOALTFDOI_WhatsApp_Image_2019-06-22_at_9.19.21_AM_(1).jpg,V2image386.jpg
MFRMHV3470U_WhatsApp_Image_2019-07-22_at_6.20.57_PM.jpg,V2image387.jpg
MFS4KMTF86I_IMG-20190807-WA0016.jpg,V2image388.jpg
MFRU7U3F21O_WhatsApp_Image_2019-07-29_at_14.33.07.jpg,V2image389.jpg
MFRMF5DDZA2_image-15f0146e-9d16-4e69-84a6-f881fc1c35c1.jpg,V2image390.jpg
MFRFEHQYIAU_WhatsApp_Image_2019-07-16_at_11.49.04_AM.jpg,V2image391.jpg
MFQGHD1IUFW_WhatsApp_Image_2019-06-15_at_11.55.14_AM.jpg,V2image392.jpg
MFRU7U3F21O_WhatsApp_Image_2019-07-29_at_14.33.06.jpg,V2image393.jpg
MFRJ51ZFYS4_insurance_(2).jpg,V2image394.jpg
MFQ6I4I48FW_image-a07e75ed-b834-4d9b-9351-8e634890181d.jpg,V2image395.jpg
MFRESQ1XQC6_IMG-20190715-WA0003.jpg,V2image396.jpg
MFRB86Z0TPO_WhatsApp_Image_2019-07-10_at_4.38.41_PM_(5).jpg,V2image397.jpg
MFQVCLWYUAY_WhatsApp_Image_2019-06-28_at_17.15.54.jpg,V2image398.jpg
MFQ2SOY4P0H_Screenshot_2019-06-03-09-45-53-04.jpg,V2image399.jpg
MFRS23ZJ18V_IMG-20190727-WA0005.jpg,V2image400.jpg
MFRESA4WLCZ_IMG-20190715-WA0000.jpg,V2image401.jpg
MFQQO1K7CQ2_ROYAL_POLICY.jpg,V2image402.jpg
MFRQYRMV0SY_WhatsApp_Image_2019-07-25_at_7.07.51_PM_(1).jpg,V2image403.jpg
MFRB6HBD2S7_Bajaj_policy_1_3f354f1a-4f86-4243-b25b-f6bcbc33d8a2.jpg,V2image404.jpg
MFREU1G7MEU_IMG-20190714-WA0004.jpg,V2image405.jpg
MFQ8K81KTRV_WhatsApp_Image_2019-06-07_at_11.52.58_AM_(2).jpg,V2image406.jpg
MFQ77DRJAER_IMG-20190607-WA0004.jpg,V2image407.jpg
MFQOCUH7SIO_untitled.jpg,V2image408.jpg
MFRC324Z5TF_WhatsApp_Image_2019-07-12_at_11.01.47_AM.jpg,V2image409.jpg
PFS28BR241S_WhatsApp_Image_2019-08-05_at_10.47.12_AM_(2).jpg,V2image410.jpg
PFS7JKOIA68_POLICY_COPY.PDF.jpg,V2image411.jpg
MFQAWMMAITM_Screenshot_20190610-150004_Drive.jpg,V2image412.jpg
MFRSVPJ36P8_IMG-20190728-WA0004.jpg,V2image413.jpg
MFRXP76M2N0_WhatsApp_Image_2019-08-01_at_16.01.34_(1).jpg,V2image414.jpg
MFQ2TN2CXKD_WhatsApp_Image_2019-06-03_at_10.40.13_(2).jpg,V2image415.jpg
MFQT4ARGO6P_WhatsApp_Image_2019-06-26_at_6.10.46_PM.jpg,V2image416.jpg
MFROFJPH6UU_IMG-20190724-WA0010.jpg,V2image417.jpg
MFRZWHAS865_WhatsApp_Image_2019-08-03_at_3.15.49_PM.jpg,V2image418.jpg
MFROKY0BA7H_Screenshot_2019-07-24-14-56-47-34.jpg,V2image419.jpg
MFRS0RH14HI_IMG-20190727-WA0031.jpg,V2image420.jpg
MFQ5J96DY4E_image-19a24d20-667f-40c0-ae40-de20cb79d5a5.jpg,V2image421.jpg
MFRPMVFFC4Y_Screenshot_2019-07-25-13-21-49-148_com.google.android.apps.docs.jpg,V2image422.jpg
MFQT0W5H3OG_New_Doc_2019-06-29_20.17.47.jpg,V2image423.jpg
MFS49Y7DNJI_IMG-20190713-WA0007.jpg,V2image424.jpg
MFQE60Y8SSR_WhatsApp_Image_2019-06-13_at_12.16.21_PM_(1).jpg,V2image425.jpg
MFQM1ATPFKO_IMG20190610181514.jpg,V2image426.jpg
MFS3ILRF41U_Screenshot_20190806-201844_WhatsApp.jpg,V2image427.jpg
MFQ2VLH8XT4_Screenshot_2019-06-03-12-18-24-38.jpg,V2image428.jpg
MFS7WOQZKAD_IMG-20190810-WA0097.jpg,V2image429.jpg
MFQBSAJWEJX_IMG-20190610-WA0050.jpg,V2image430.jpg
MFS32H5T1VW_IMG-20190804-WA0009.jpg,V2image431.jpg
MFQOIHJQQEC_005412.jpg,V2image432.jpg
MFRJ0ETLFLC_Screenshot_2019-07-19-16-33-20-44.jpg,V2image433.jpg
MFRGGWORM8Y_WhatsApp_Image_2019-07-17_at_8.12.38_AM.jpg,V2image434.jpg
MFRM91F6XHY_Screenshot_20190731-172328_WPS_Office.jpg,V2image435.jpg
MFQDAP6HQGA_Screenshot_2019-06-12-17-48-18-67.jpg,V2image436.jpg
MFQOBD7OHIU_WhatsApp_Image_2019-06-22_at_11.47.05.jpg,V2image437.jpg
MFQ8J7B928X_Screenshot_20190608-122104.jpg,V2image438.jpg
MFR8KZ2VRJU_WhatsApp_Image_2019-07-09_at_5.45.18_PM.jpg,V2image439.jpg
MFQVBL7PZO3_WhatsApp_Image_2019-06-28_at_16.48.24.jpg,V2image440.jpg
MFQJM3N8NBY_IMG-20190618-WA0007.jpg,V2image441.jpg
MFRZWD4MLK6_IMG-20190803-WA0059.jpg,V2image442.jpg
MFR7OEDA8GS_WhatsApp_Image_2019-07-09_at_2.06.24_PM_(1).jpg,V2image443.jpg
MFS5FK4KELF_Screenshot_2019-08-08-13-07-50-12.jpg,V2image444.jpg
MFQFH4AZL3W_IMG-20190613-WA0000.jpg,V2image445.jpg
MFRIQ1M84CP_IMG-20190719-WA0007.jpg,V2image446.jpg
MFQD30EPQXK_Screenshot_2019-06-12-13-14-14-86.jpg,V2image447.jpg
MFQAUBAU59W_IMG-20190610-WA0020.jpg,V2image448.jpg
MFQVAJYRHXV_RJ_02_CB_2312_0003.jpg,V2image449.jpg
MFS7NWNHXGF_IMG-20190808-WA0002_1565258103439.jpg,V2image450.jpg
MFRRX1LA4O4_IMG-20190725-WA0074.jpg,V2image451.jpg
MFQ9X13Z5NL_IMG-20190609-WA0004.jpg,V2image452.jpg
MFQ6KLZSL72_IMG-20190606-WA0006.jpg,V2image453.jpg
MFRELVL7URY_WhatsApp_Image_2019-07-15_at_6.52.41_PM.jpg,V2image454.jpg
MFQZLP2SY2U_IMG-20190702-WA0012.jpg,V2image455.jpg
MFQFKQ2ALSO_WhatsApp_Image_2019-06-14_at_3.29.11_PM.jpg,V2image456.jpg
MFQTZPKK0KJ_WhatsApp_Image_2019-06-27_at_12.24.37_PM.jpg,V2image457.jpg
MFR1XKD7JTH_Policy_Thar_1.jpg,V2image458.jpg
MFRZ0EMVA1Z_IMG_20190801_123919.jpg,V2image459.jpg
MFRXQQYD2I9_IMG-20190731-WA0012.jpg,V2image460.jpg
MFRXOTT1N26_WhatsApp_Image_2019-08-01_at_4.19.37_PM.jpg,V2image461.jpg
MFRPJWET29W_WhatsApp_Image_2019-07-22_at_3.02.45_PM_(1).jpg,V2image462.jpg
MFRMHV3470U_WhatsApp_Image_2019-07-22_at_6.20.57_PM_(1).jpg,V2image463.jpg
MFR0N49OQGC_NITIN_TAVERA-POLICY.jpg,V2image464.jpg
MFQV3I5I8X7_WhatsApp_Image_2019-06-27_at_11.10.43_AM_(2).jpg,V2image465.jpg
MFS1AZ6LGPU_IMG-20190804-WA0024.jpg,V2image466.jpg
MFS4K7CUNOR_ph.jpg,V2image467.jpg
MFRQYRMV0SY_WhatsApp_Image_2019-07-25_at_6.12.04_PM_(2).jpg,V2image468.jpg
MFQ2VBYQU8I_UNITED_4.jpg,V2image469.jpg
MFR7RRYBWV9_WhatsApp_Image_2019-07-08_at_2.44.42_PM_(3).jpg,V2image470.jpg
MFQZLP2SY2U_IMG-20190702-WA0013.jpg,V2image471.jpg
MFRXT7LX2N9_Screenshot_2019-08-01-19-09-52-01.jpg,V2image472.jpg
MFRCBEWY8DM_IMG-20190718-WA0004.jpg,V2image473.jpg
MFQILHUXY10_WhatsApp_Image_2019-06-17_at_10.07.33_(1).jpg,V2image474.jpg
MFRC3U5V0L1_Screenshot_20190712-221518_Drive.jpg,V2image475.jpg
MFRFEWO8V8M_WhatsApp_Image_2019-07-16_at_9.40.20_AM.jpg,V2image476.jpg
MFS47H3EFD2_IMG-20190720-WA0014.jpg,V2image477.jpg
MFQF7JAUYJI_WhatsApp_Image_2019-06-13_at_9.56.53_AM.jpg,V2image478.jpg
MFQFH4AZL3W_IMG-20190613-WA0001.jpg,V2image479.jpg
MFQD6GXNPZB_21caba40-43e7-4679-8abb-60f60f81dc19.jpg,V2image480.jpg
MFRYIXRCPGE_WhatsApp_Image_2019-08-01_at_21.28.26_(1).jpg,V2image481.jpg
MFS6OWGA4V9_BMW_Z4.JPG,V2image482.jpg
MFRIQ1M84CP_IMG-20190719-WA0010.jpg,V2image483.jpg
MFQ7N339FYO_GO_DIGIT_IMG-20190607-WA0019.jpg,V2image484.jpg
MFRIT4IMGEW_WhatsApp_Image_2019-07-18_at_3.37.25_PM.jpg,V2image485.jpg
MFQQH9PYWPJ_IMG-20190621-WA0024.jpg,V2image486.jpg
MFQ6KLZSL72_IMG-20190606-WA0005.jpg,V2image487.jpg
MFR37TDHP6M_IMG-20190705-WA0009.jpg,V2image488.jpg
MFQ0LG8Q60E_IMG-20190530-WA0003.jpg,V2image489.jpg
MFREAY46I0S_Screenshot_2019-07-15-11-43-32-39.jpg,V2image490.jpg
MFQKY4DVTLF_WhatsApp_Image_2019-06-19_at_11.39.22_AM_(1).jpg,V2image491.jpg
MFRAYZVK89H_Policy_copy.jpg,V2image492.jpg
MFQ34OHKJ0R_IMG-20190603-WA0008.jpg,V2image493.jpg
MFQZLP2SY2U_IMG-20190702-WA0011.jpg,V2image494.jpg
MFQ1ZPWGV0P_IMG-20190602-WA0000.jpg,V2image495.jpg
MFRFGUD2USH_IMG-20190715-WA0065.jpg,V2image496.jpg
MFR1XKD7JTH_Policy_Thar_2.jpg,V2image497.jpg
MFRYMLAZMTY_WhatsApp_Image_2019-08-02_at_11.57.08_AM.jpg,V2image498.jpg
MFRFI12DICP_WhatsApp_Image_2019-07-16_at_12.05.39_PM.jpg,V2image499.jpg
MFQILHUXY10_WhatsApp_Image_2019-06-17_at_10.07.33.jpg,V2image500.jpg
MFRGGWORM8Y_WhatsApp_Image_2019-07-17_at_8.12.41_AM.jpg,V2image501.jpg
MFRXMDZRH8M_IMG-20190801-WA0000.jpg,V2image502.jpg
MFQ2OBO9D7V_Screenshot_20190603_080219_com.google.android.apps.docs.jpg,V2image503.jpg
MFQ5G7HS0AL_IMG-20190605-WA0022.jpg,V2image504.jpg
MFS3528M465_Screenshot_20190806_122742.jpg,V2image505.jpg
MFRU6LXAR0F_AMBULANCE.jpg,V2image506.jpg
MFRQQYJTRQ9_WhatsApp_Image_2019-07-26_at_12.47.03_PM.jpg,V2image507.jpg
MFRZWC3YLXP_WhatsApp_Image_2019-08-03_at_3.15.23_PM.jpg,V2image508.jpg
MFRYO44NPI7_IMG-20190802-WA0003.jpg,V2image509.jpg
MFRIW1Z1IBR_WhatsApp_Image_2019-07-19_at_1.40.54_PM.jpg,V2image510.jpg
MFRMG73SMFJ_Mercedes_Policy_.jpg,V2image511.jpg
MFRHVT8YA8S_WhatsApp_Image_2019-07-18_at_4.32.42_PM.jpg,V2image512.jpg
MFQGJ2NFXO6_WhatsApp_Image_2019-06-15_at_1.52.42_PM.jpg,V2image513.jpg
MFRXO74XFU2_PYP_856.jpg,V2image514.jpg
MFROE36SY8M_Screenshot_2019-07-24-10-56-27-92.jpg,V2image515.jpg
MFQSUBZLQY4_FDC0AE63-29B9-4685-A99F-63421E84E396.jpg,V2image516.jpg
PFQQQMWA8ZK_SAWAT.jpg,V2image517.jpg
MFS47H3EFD2_IMG-20190720-WA0013.jpg,V2image518.jpg
MFS7OH4TKBJ_IMG-20190809-WA0089.jpg,V2image519.jpg
MFQSW10ZMYB_IMG-20190626-WA0026.jpg,V2image520.jpg
MFQGMNA299W_Gaurav_-_policy.jpg,V2image521.jpg
MFRB9GS9CG4_policy_copy.jpg,V2image522.jpg
MFRWREEGZ9H_SAVE_20190731_205145.jpg,V2image523.jpg
MFRYIXRCPGE_WhatsApp_Image_2019-08-01_at_21.28.27_(1).jpg,V2image524.jpg
MFRHH6X3UCO_IMG-20190718-WA0007.jpg,V2image525.jpg
MFR9UL1IBMH_IMG-20190711-WA0004.jpg,V2image526.jpg
MFQM83S5RNS_PL1.jpg,V2image527.jpg
MFREHK4IS51_quote_new_agent_6b03b585-64e7-4a03-9d5c-c627ef20fb72.jpg,V2image528.jpg
MFRM7A6OGTK_WhatsApp_Image_2019-07-20_at_7.05.25_PM.jpg,V2image529.jpg
MFQQJNTIZCL_WhatsApp_Image_2019-06-24_at_11.26.50.jpg,V2image530.jpg
MFR1ST7912X_IMG-20190701-WA0034.jpg,V2image531.jpg
MFREBIQ53U5_WhatsApp_Image_2019-07-15_at_12.43.59_PM.jpg,V2image532.jpg
MFQ7IBVKU6K_Screenshot_2019-06-07-14-42-39-77.jpg,V2image533.jpg
MFQ0ZYRMLH1_IMG_20190601_201840.jpg,V2image534.jpg
MFQ2VBYQU8I_UNITED_2.jpg,V2image535.jpg
MFQRSNNBJCI_amit_agarwal_policy.jpg,V2image536.jpg
MFS7L0SMZXL_WhatsApp_Image_2019-08-10_at_10.14.09_AM.jpg,V2image537.jpg
MFRC4JMQUIX_IMG-20190716-WA0074.jpg,V2image538.jpg
MFS3B52TVJ8_IMG-20190806-WA0026.jpg,V2image539.jpg
MFQZLP2SY2U_IMG-20190702-WA0015.jpg,V2image540.jpg
MFRYR2ODXG6_IMG-20190802-WA0008.jpg,V2image541.jpg
MFQ3531W8BR_Screenshot_2019-06-03-17-55-26-90_e2d5b3f32b79de1d45acd1fad96fbb0f.jpg,V2image542.jpg
MFS5DPNQP5K_WhatsApp_Image_2019-08-08_at_10.44.59_AM.jpg,V2image543.jpg
MFQQNO3X9VN_IMG-20190624-WA0029.jpg,V2image544.jpg
MFR9UL1IBMH_IMG-20190711-WA0005.jpg,V2image545.jpg
MFRM79IMMFI_IMG-20190704-WA0032.jpg,V2image546.jpg
MFQZJEOBY0Y_WhatsApp_Image_2019-07-01_at_6.40.06_PM.jpg,V2image547.jpg
MFRZWC3YLXP_WhatsApp_Image_2019-08-03_at_3.15.42_PM.jpg,V2image548.jpg
MFQQH9PYWPJ_IMG-20190621-WA0020.jpg,V2image549.jpg
MFS7JSMAF38_IMG-20190808-WA0018.jpg,V2image550.jpg
MFQ0WAX9VTJ_20190601_173500.jpg,V2image551.jpg
MFQIGLE03QT_IMG-20190616-WA0003.jpg,V2image552.jpg
MFRQZBZ75ZU_WhatsApp_Image_2019-07-21_at_2.52.08_PM_(2).jpg,V2image553.jpg
MFQVAJYRHXV_RJ_02_CB_2312_0004.jpg,V2image554.jpg
MFRMHXTO78Q_IMG_20190720_185250.jpg,V2image555.jpg
MFQN3K56VSD_bc1e6e94-509d-4320-b153-80f6fc50a243.jpg,V2image556.jpg
MFQTZZLK1BI_WhatsApp_Image_2019-06-27_at_12.24.52_PM_(2).jpg,V2image557.jpg
MFRONXX3U4T_HP025452_INSURANCE_27082018.jpg,V2image558.jpg
MFQ4DPAOTJR_Screenshot_2019-06-04-20-26-41-14.jpg,V2image559.jpg
MFS25D7B7QI_image-146d3a36-8adc-4cec-b91b-fd83e0bfab2d.jpg,V2image560.jpg
MFQ2TGQQENU_WhatsApp_Image_2019-05-27_at_17.48.43.jpg,V2image561.jpg
MFQOALTFDOI_WhatsApp_Image_2019-06-22_at_9.19.20_AM_(2).jpg,V2image562.jpg
MFRCAA9SV2J_WhatsApp_Image_2019-07-13_at_13.17.14_(1).jpg,V2image563.jpg
MFRZWHAS865_WhatsApp_Image_2019-08-03_at_3.15.49_PM_(1).jpg,V2image564.jpg
MFQ8IFYNDAR_IMG-20190608-WA0023.jpg,V2image565.jpg
MFRC324Z5TF_WhatsApp_Image_2019-07-12_at_11.01.47_AM_(1).jpg,V2image566.jpg
MFQM8EIJP49_WhatsApp_Image_2019-06-20_at_2.01.54_PM.jpg,V2image567.jpg
MFRC7SA34QU_cc0ccb2c-77d8-4991-b339-3451ef49c834.jpg,V2image568.jpg
MFS47H3EFD2_IMG-20190807-WA0002.jpg,V2image569.jpg
MFQM83S5RNS_PL2.jpg,V2image570.jpg
MFRD5UINGOB_image-2794fe55-a7ab-4594-a77c-31403c9d7180.jpg,V2image571.jpg
MFS6NUP5KQT_IMG-20190809-WA0031.jpg,V2image572.jpg
MFQ40AU2GZO_Rajendra_2.jpg,V2image573.jpg
MFRWKNMT6OT_WhatsApp_Image_2019-07-31_at_4.11.20_PM.jpg,V2image574.jpg
MFS7PE8EN3G_WhatsApp_Image_2019-08-09_at_2.10.49_PM_(1)_(2).jpg,V2image575.jpg
MFRB4UEQ5YG_image-c065a9ad-edcb-4c2e-853a-74a61a7496bc.jpg,V2image576.jpg
MFS43DG01ZE_image-59f942c2-583b-469c-b1f2-181991be4621.jpg,V2image577.jpg
MFRISHKEONA_02785c53-0026-4854-8529-8e3c6b79261a.jpg,V2image578.jpg
MFR37PX2IF5_IMG-20190705-WA0021.jpg,V2image579.jpg
MFRXHNAKMB2_IMG-20190801-WA0008.jpg,V2image580.jpg
MFRYO44NPI7_IMG-20190802-WA0004.jpg,V2image581.jpg
MFRGML98EX8_WhatsApp_Image_2019-07-17_at_1.13.12_PM.jpg,V2image582.jpg
MFQBRQHZU3V_20190611_092223.jpg,V2image583.jpg
MFR1WOQ707G_sikander_kumar_policy2.jpg,V2image584.jpg
MFRXKU5J33P_WhatsApp_Image_2019-07-30_at_21.48.05.jpg,V2image585.jpg
out_MFPYBZAPBVU.jpg,V2image586.jpg
MFQF7JAUYJI_WhatsApp_Image_2019-06-13_at_9.56.51_AM.jpg,V2image587.jpg
MFRQYRMV0SY_WhatsApp_Image_2019-07-26_at_5.05.49_PM.jpg,V2image588.jpg
MFR37PX2IF5_IMG-20190705-WA0020.jpg,V2image589.jpg
MFRXOTT1N26_WhatsApp_Image_2019-08-01_at_4.19.37_PM_(1).jpg,V2image590.jpg
MFREK80CZXG_IMG-20190715-WA0012.jpg,V2image591.jpg
MFQM83S5RNS_PL3.jpg,V2image592.jpg
MFQRRMQ9VVF_AD7F678C-F30C-4A9B-98EE-B2996D70B50C.jpg,V2image593.jpg
MFQBYQ3LO59_IMG-20190611-WA0025.jpg,V2image594.jpg
MFRZVWJCW7G_WhatsApp_Image_2019-08-03_at_2.54.25_PM.jpg,V2image595.jpg
MFQKV3WCPVM_Ankit1.jpg,V2image596.jpg
MFRXMZD8RVJ_IMG-20190801-WA0009.jpg,V2image597.jpg
MFS34CG4MVV_WhatsApp_Image_2019-08-06_at_11.55.14_AM.jpg,V2image598.jpg
MFQ8LXM7V7C_P_VP.jpg,V2image599.jpg
MFR0N6WKKJN_Benkapali-POLICY.jpg,V2image600.jpg
MFQBZUYOHWG_IMG_20190611_140529_HDR.jpg,V2image601.jpg
MFQ7CSXFSCX_IMG_20190607_112635.jpg,V2image602.jpg
MFQTWINDZLO_AMIT_5.jpg,V2image603.jpg
MFQZLQY033M_IMG-20190702-WA0006.jpg,V2image604.jpg
